model,clean_f1,fgsm_f1,f1_drop_pct,asr,recall_clean_S,recall_adv_S,recall_clean_V,recall_adv_V,recall_clean_F,recall_adv_F
BiLSTM,0.8505340959350874,0.788558620576268,7.286653839630359,0.017033356990773598,0.6780575539568345,0.6348920863309353,0.9585635359116023,0.9357734806629834,0.7777777777777778,0.6851851851851852
HMR-BiLSTM,0.8824864632167984,0.8424519246365308,4.536561210733532,0.011432855402492738,0.8111510791366906,0.7841726618705036,0.9447513812154696,0.9267955801104972,0.845679012345679,0.7962962962962963
HMR-BiLSTM (no Adv),0.9023946609697482,0.8045744275630998,10.840072269657155,0.034606594841658504,0.8489208633093526,0.7679856115107914,0.9689226519337016,0.9412983425414365,0.8024691358024691,0.6790123456790124
LSTM,0.8582833681083997,0.7627656469053359,11.128926034484229,0.04919198142268139,0.8129496402877698,0.7248201438848921,0.9371546961325967,0.8846685082872928,0.808641975308642,0.6666666666666666
