epsilon,label_accuracy,accuracy,macro_f1,macro_recall,attack_success_rate,avg_confidence,orig_avg_confidence,confidence_drop,recall_clean_S,recall_adv_S,recall_clean_V,recall_adv_V,recall_clean_F,recall_adv_F
0.0,0.5255899170492068,0.5255899170492068,0.20799439767262165,0.2884787359599157,0.0,0.7219186425209045,0.7219186425209045,0.0,0.4763200870985302,0.4763200870985302,0.4265299782541162,0.4265299782541162,0.0,0.0
0.01,0.4782757509865507,0.4782757509865507,0.18018497836253347,0.2412164905430275,0.09009768243631489,0.7176911234855652,0.7219186425209045,0.004227575846016407,0.4763200870985302,0.3663581927054981,0.4265299782541162,0.34265299782541164,0.0,0.0
0.02,0.4386325199323508,0.4386325199323508,0.15951177115064832,0.205739659522182,0.16556215284428272,0.7158998250961304,0.7219186425209045,0.006018725223839283,0.4763200870985302,0.29776810016330973,0.4265299782541162,0.2702702702702703,0.0,0.0
0.05,0.3601312716437143,0.3601312716437143,0.12652172658214825,0.1479569741695798,0.3155334227159548,0.7165137529373169,0.7219186425209045,0.00540487514808774,0.4763200870985302,0.18780620577027762,0.4265299782541162,0.16744330537433985,0.0,0.0
