epsilon,label_accuracy,accuracy,macro_f1,macro_recall,attack_success_rate,avg_confidence,orig_avg_confidence,confidence_drop,recall_clean_S,recall_adv_S,recall_clean_V,recall_adv_V,recall_clean_F,recall_adv_F
0.0,0.9313455072580483,0.9313455072580483,0.6279353424063626,0.6508777782116726,0.0,0.8935034275054932,0.8935034275054932,0.0,0.44202504082743604,0.44202504082743604,0.9251320285803044,0.9251320285803044,0.27835051546391754,0.27835051546391754
0.02,0.9237753931023375,0.9171112766514324,0.5439200073777397,0.5772001844589768,0.010352418106924133,0.9211245775222778,0.9193434119224548,-0.0017811586149036884,0.21393576483396842,0.17964071856287425,0.9391115253184219,0.9260639950295123,0.23969072164948454,0.25
