{
  "experiment_version": "v1.0",
  "run_id": "v1.0_20260616_061207",
  "checkpoint_hash": "3d5434314e7132f07913462a7bd7ab6095b2e3a3",
  "module": "uncertainty_mc_dropout",
  "timestamp": "2026-06-16T18:36:21.936777",
  "config": {
    "mc_samples": 50,
    "ood_n_samples": 2000,
    "ood_strategy": "synthetic: gaussian_noise + baseline_wander + random_crop + signal_shift",
    "bn_safe_note": "model.eval() first, then only nn.Dropout layers set to train(). BatchNorm layers remain in eval() with frozen running statistics."
  },
  "metrics": {
    "id_accuracy": 0.8874,
    "id_f1_macro": 0.4562,
    "id_f1_per_class": {
      "N": 0.9377,
      "S": 0.2915,
      "V": 0.8853,
      "F": 0.1667,
      "Q": 0.0
    },
    "id_mean_entropy": 0.4914,
    "id_mean_mi": 0.0271,
    "id_mean_conf": 0.829,
    "ood_mean_entropy": 0.6241,
    "ood_mean_mi": 0.0334,
    "ood_mean_conf": 0.7667,
    "ood_detection_auroc": 0.6341,
    "per_class_entropy_id": {
      "N": {
        "mean_entropy": 0.49351245164871216,
        "mean_conf": 0.83113032579422,
        "n_samples": 44217
      },
      "S": {
        "mean_entropy": 0.6456125378608704,
        "mean_conf": 0.6981638669967651,
        "n_samples": 1837
      },
      "V": {
        "mean_entropy": 0.3260999321937561,
        "mean_conf": 0.8994659185409546,
        "n_samples": 3219
      },
      "F": {
        "mean_entropy": 0.8955932855606079,
        "mean_conf": 0.62253737449646,
        "n_samples": 388
      },
      "Q": {
        "mean_entropy": 0.5862626433372498,
        "mean_conf": 0.8068259954452515,
        "n_samples": 7
      }
    }
  }
}