Model,Epsilon,Clean_Acc,Robust_Acc,Overall_ASR,Clean_Recall_V,Robust_Recall_V,ASR_V,Clean_Recall_F,Robust_Recall_F,Acc_after_APGD_CE,Acc_after_APGDT,Acc_after_FAB,Acc_after_Square
No-Adv,0.02,0.7127888232133262,0.658113917248791,0.0767056162834527,0.9366262814538676,0.8884746815781298,0.05140961857379768,0.028350515463917526,0.01288659793814433,0.6590542718968296,0.658113917248791,0.658113917248791,0.658113917248791
No-Adv,0.03,0.7127888232133262,0.634739387426115,0.10949868073878628,0.9366262814538676,0.8592730661696178,0.08258706467661692,0.028350515463917526,0.010309278350515464,0.6366200967221923,0.6348737238044062,0.6348737238044062,0.634739387426115
No-Adv,0.05,0.7127888232133262,0.5799301450832886,0.1863927629099133,0.9366262814538676,0.7958993476234856,0.15024875621890546,0.028350515463917526,0.005154639175257732,0.5886620096722193,0.580198817839871,0.580198817839871,0.5799301450832886
Full HMR,0.02,0.7473132724341752,0.7072810317033853,0.0535682185870933,0.9344516930723827,0.9136377757067412,0.022273936170212765,0.7242268041237113,0.6314432989690721,0.7079527135948415,0.7072810317033853,0.7072810317033853,0.7072810317033853
Full HMR,0.03,0.7473132724341752,0.6831004836109619,0.08592486068667984,0.9344516930723827,0.9018328673501087,0.03490691489361702,0.7242268041237113,0.5438144329896907,0.6844438473938743,0.6831004836109619,0.6831004836109619,0.6831004836109619
Full HMR,0.05,0.7473132724341752,0.6372917786136486,0.14722272155311883,0.9344516930723827,0.8685927306616962,0.07047872340425532,0.7242268041237113,0.3917525773195876,0.6397098334228909,0.6375604513702311,0.6375604513702311,0.6372917786136486
