{
  "experiment_version": "v1.0",
  "run_id": "v1.0_20260616_061207",
  "checkpoint_hash": "3d5434314e7132f07913462a7bd7ab6095b2e3a3",
  "module": "explainability",
  "timestamp": "2026-06-16T20:41:20.702061",
  "metrics": {
    "shap_summary": "shap_summary_plot.png",
    "top_global_timesteps": [
      91,
      93,
      94
    ],
    "per_class": {
      "N": {
        "top10_timesteps": [
          91,
          90,
          93,
          94,
          92,
          89,
          88,
          96,
          23,
          11
        ],
        "mean_importance": 0.020210248339334127,
        "correct_found": 10,
        "misclassified_found": 5
      },
      "S": {
        "top10_timesteps": [
          94,
          92,
          93,
          91,
          89,
          88,
          96,
          90,
          95,
          177
        ],
        "mean_importance": 0.02623068069986051,
        "correct_found": 10,
        "misclassified_found": 5
      },
      "V": {
        "top10_timesteps": [
          91,
          93,
          90,
          88,
          92,
          89,
          94,
          96,
          87,
          95
        ],
        "mean_importance": 0.025813219684563484,
        "correct_found": 10,
        "misclassified_found": 5
      },
      "F": {
        "top10_timesteps": [
          94,
          92,
          90,
          91,
          93,
          96,
          89,
          88,
          161,
          160
        ],
        "mean_importance": 0.02439042414216425,
        "correct_found": 10,
        "misclassified_found": 5
      }
    },
    "shap_shared_top10": {
      "N": [
        91,
        93,
        94,
        90,
        92,
        88,
        96,
        89,
        23,
        87
      ],
      "S": [
        92,
        37,
        96,
        89,
        91,
        35,
        34,
        36,
        93,
        1
      ],
      "V": [
        91,
        90,
        88,
        92,
        93,
        89,
        94,
        95,
        96,
        86
      ],
      "F": [
        90,
        22,
        92,
        159,
        160,
        158,
        91,
        161,
        21,
        24
      ]
    },
    "shared_idx_c": {
      "N": [
        3480,
        3621,
        3819,
        5195,
        7533,
        8389,
        15228,
        16816,
        18585,
        18822,
        19023,
        19316,
        21548,
        22173,
        22752,
        23578,
        29829,
        30297,
        32315,
        33265,
        34319,
        35882,
        36405,
        36776,
        37025,
        39195,
        39969,
        40823,
        45714,
        48486
      ],
      "S": [
        16374,
        19055,
        20880,
        23063,
        36714,
        36848,
        37433,
        37438,
        37471,
        37504,
        37514,
        37546,
        37672,
        37698,
        37704,
        37754,
        42161,
        42317,
        42364,
        42391,
        42409,
        42531,
        42548,
        42720,
        42724,
        42872,
        42993,
        43025,
        43320,
        43345
      ],
      "V": [
        15898,
        15921,
        16485,
        16615,
        16888,
        17724,
        17858,
        17914,
        18300,
        21393,
        26362,
        29165,
        30030,
        31085,
        34476,
        34555,
        34629,
        34655,
        34791,
        35257,
        38569,
        38916,
        39073,
        44182,
        44566,
        45255,
        45295,
        46739,
        46847,
        46897
      ],
      "F": [
        26160,
        26202,
        26228,
        26234,
        26244,
        26308,
        26486,
        26710,
        26770,
        26778,
        26820,
        26834,
        26836,
        26892,
        26949,
        26951,
        26973,
        27368,
        27394,
        27770,
        27774,
        27927,
        28035,
        28323,
        28413,
        28487,
        28781,
        28863,
        28921,
        29075
      ]
    }
  }
}