rank,timestep,mean_abs_shap
1,91,0.211501
2,93,0.159262
3,94,0.156753
4,92,0.154044
5,90,0.146503
6,89,0.113890
7,88,0.113625
8,96,0.098533
9,95,0.061976
10,87,0.053818
11,97,0.043409
12,175,0.042434
13,161,0.041941
14,177,0.041565
15,23,0.041070
16,176,0.037656
17,169,0.036944
18,22,0.036576
19,11,0.036228
20,171,0.035984
