{
  "experiment_version": "v1.0",
  "run_id": "v1.0_20260610_184318",
  "checkpoint_hash": "mtime_1781090523_size_2048554",
  "module": "calibration",
  "timestamp": "2026-06-10T18:44:54.929068",
  "metrics": {
    "ece_before": 0.03002320444338118,
    "ece_after": 0.01602906736151416,
    "mce_before": 0.06538935818353808,
    "mce_after": 0.09148725054480814,
    "nll_before": 0.3111342787742615,
    "nll_after": 0.3017113208770752,
    "brier_before": 0.15813039627813827,
    "brier_after": 0.15764319109555372,
    "classwise_ece_after": {
      "0": 0.09249600110965728,
      "1": 0.9248441964350542,
      "2": 0.907079701376296,
      "3": 0.9528695246277825,
      "4": 0.9996053035519733
    },
    "temperature": 0.8468639850616455
  }
}