{
  "logistic_regression": {
    "accuracy": 0.5680001610662586,
    "precision_macro": 0.34188234070497103,
    "recall_macro": 0.4564562997227513,
    "f1_macro": 0.3197491720181503,
    "f1_weighted": 0.6717940691762676,
    "f1_N": 0.7203750829829608,
    "f1_S": 0.03482587064676617,
    "f1_V": 0.4386731807662638,
    "f1_F": 0.0851225536766103,
    "rec_N": 0.588968293455154,
    "rec_S": 0.12955906369080022,
    "rec_V": 0.5299782541161852,
    "rec_F": 0.5773195876288659,
    "auc_ovr": 0.7162576698787455,
    "auc_N": 0.7071200511831883,
    "auc_S": 0.5281974946651866,
    "auc_V": 0.7849925328102136,
    "auc_F": 0.8447206008563936,
    "train_time_sec": 18.297476291656494
  },
  "decision_tree": {
    "accuracy": 0.805291026596066,
    "precision_macro": 0.355959914573691,
    "recall_macro": 0.4268759361955019,
    "f1_macro": 0.37584788866969066,
    "f1_weighted": 0.8309340558789257,
    "f1_N": 0.8923289432946724,
    "f1_S": 0.08544461003477397,
    "f1_V": 0.5114603798297315,
    "f1_F": 0.014157621519584709,
    "rec_N": 0.8473472341580351,
    "rec_S": 0.09363091997822537,
    "rec_V": 0.727865796831314,
    "rec_F": 0.03865979381443299,
    "auc_ovr": 0.6206453630697524,
    "auc_N": 0.7389223368595692,
    "auc_S": 0.627601685855111,
    "auc_V": 0.8199635589339097,
    "auc_F": 0.29609387063041964,
    "train_time_sec": 14.698387861251831
  },
  "lstm": {
    "accuracy": 0.8320682920936601,
    "precision_macro": 0.4285887715581896,
    "recall_macro": 0.4891318605901066,
    "f1_macro": 0.4337743409076991,
    "f1_weighted": 0.8562584418747774,
    "f1_N": 0.9084597156398104,
    "f1_S": 0.1691928093056045,
    "f1_V": 0.6313455479052398,
    "f1_F": 0.026099290780141844,
    "rec_N": 0.8669998643086526,
    "rec_S": 0.130647795318454,
    "rec_V": 0.840323081702392,
    "rec_F": 0.11855670103092783,
    "auc_ovr": 0.862950892740776,
    "auc_N": 0.8574902350750402,
    "auc_S": 0.7975919339385193,
    "auc_V": 0.9757228221586088,
    "auc_F": 0.8209985797909356,
    "train_time_sec": 0.0
  },
  "bilstm": {
    "accuracy": 0.8507117115303308,
    "precision_macro": 0.433157297616918,
    "recall_macro": 0.49997129554389697,
    "f1_macro": 0.433411862993729,
    "f1_weighted": 0.8636254186159346,
    "f1_N": 0.9185020987596095,
    "f1_S": 0.22653958944281524,
    "f1_V": 0.57594753592439,
    "f1_F": 0.012658227848101266,
    "rec_N": 0.8808629969695599,
    "rec_S": 0.16820903647250954,
    "rec_V": 0.9276172724448587,
    "rec_F": 0.023195876288659795,
    "auc_ovr": 0.8329247926703325,
    "auc_N": 0.8419239815895787,
    "auc_S": 0.6897953975620492,
    "auc_V": 0.9846726137830474,
    "auc_F": 0.8153071777466547,
    "train_time_sec": 0.0
  },
  "resnet1d": {
    "accuracy": 0.8690329984497372,
    "precision_macro": 0.4980006241337647,
    "recall_macro": 0.48479185062545505,
    "f1_macro": 0.4370522641276133,
    "f1_weighted": 0.8836543071960902,
    "f1_N": 0.9385579790106355,
    "f1_S": 0.1585984324573536,
    "f1_V": 0.6495689655172414,
    "f1_F": 0.001483679525222552,
    "rec_N": 0.9040662173775386,
    "rec_S": 0.09363091997822537,
    "rec_V": 0.9363156259707984,
    "rec_F": 0.005154639175257732,
    "auc_ovr": 0.8310088430035801,
    "auc_N": 0.939060269789493,
    "auc_S": 0.948522981599411,
    "auc_V": 0.9885998206943348,
    "auc_F": 0.4478522999310818,
    "train_time_sec": 0.0
  },
  "hmr_bilstm": {
    "accuracy": 0.9313455072580483,
    "precision_macro": 0.6086964173022135,
    "recall_macro": 0.6508777782116726,
    "f1_macro": 0.6279353424063626,
    "f1_weighted": 0.9331202604575876,
    "f1_N": 0.9643389676170964,
    "f1_S": 0.4335290977042178,
    "f1_V": 0.8728018757327081,
    "f1_F": 0.24107142857142858,
    "rec_N": 0.9580035279750327,
    "rec_S": 0.44202504082743604,
    "rec_V": 0.9251320285803044,
    "rec_F": 0.27835051546391754,
    "auc_ovr": 0.9534330420598847,
    "auc_N": 0.9502697733748453,
    "auc_S": 0.911161212242625,
    "auc_V": 0.9933889104507593,
    "auc_F": 0.958912272171309
  }
}