{
  "logistic_regression": {
    "accuracy": 0.5681122654425385,
    "precision_macro": 0.3417512503084991,
    "recall_macro": 0.4549360900618819,
    "f1_macro": 0.319544574483822,
    "f1_weighted": 0.6719128978178425,
    "f1_N": 0.7205420728756137,
    "f1_S": 0.03466432645897324,
    "f1_V": 0.4383843581167996,
    "f1_F": 0.0845875404839017,
    "rec_N": 0.5892077707668996,
    "rec_S": 0.12901469787697334,
    "rec_V": 0.5293569431500466,
    "rec_F": 0.5721649484536082,
    "auc_ovr": 0.7161057698075641,
    "auc_N": 0.7071440983140109,
    "auc_S": 0.5272889715110368,
    "auc_V": 0.7849988900765621,
    "auc_F": 0.8449911193286466,
    "train_time_sec": 227.36840176582336
  },
  "decision_tree": {
    "accuracy": 0.8053072400740919,
    "precision_macro": 0.35596889248635555,
    "recall_macro": 0.42688072704084506,
    "f1_macro": 0.3758558522565953,
    "f1_weighted": 0.8309430658877881,
    "f1_N": 0.8923395691677483,
    "f1_S": 0.08546583850931677,
    "f1_V": 0.5114603798297315,
    "f1_F": 0.014157621519584709,
    "rec_N": 0.8473663975394079,
    "rec_S": 0.09363091997822537,
    "rec_V": 0.727865796831314,
    "rec_F": 0.03865979381443299,
    "auc_ovr": 0.6206485479951964,
    "auc_N": 0.738928953305019,
    "auc_S": 0.6276132552711421,
    "auc_V": 0.819963271052802,
    "auc_F": 0.2960887123518223,
    "train_time_sec": 11.384420156478882
  },
  "lstm": {
    "accuracy": 0.8320649110091004,
    "precision_macro": 0.42858848587539283,
    "recall_macro": 0.4891311086161164,
    "f1_macro": 0.43377379859458526,
    "f1_weighted": 0.8562554592705289,
    "f1_N": 0.9084575463873551,
    "f1_S": 0.1691928093056045,
    "f1_V": 0.6313455479052398,
    "f1_F": 0.026099290780141844,
    "rec_N": 0.866996856412692,
    "rec_S": 0.130647795318454,
    "rec_V": 0.840323081702392,
    "rec_F": 0.11855670103092783,
    "auc_ovr": 0.8629499400080402,
    "auc_N": 0.8574897871506959,
    "auc_S": 0.797592539228851,
    "auc_V": 0.9757224867117221,
    "auc_F": 0.8209949469408917,
    "train_time_sec": 0.0
  },
  "bilstm": {
    "accuracy": 0.8507087058065556,
    "precision_macro": 0.43315704819832457,
    "recall_macro": 0.49997062195114406,
    "f1_macro": 0.43341138252031053,
    "f1_weighted": 0.8636226023808059,
    "f1_N": 0.9185001768659357,
    "f1_S": 0.22653958944281524,
    "f1_V": 0.57594753592439,
    "f1_F": 0.012658227848101266,
    "rec_N": 0.8808603025985481,
    "rec_S": 0.16820903647250954,
    "rec_V": 0.9276172724448587,
    "rec_F": 0.023195876288659795,
    "auc_ovr": 0.8329215144390609,
    "auc_N": 0.8419207846208077,
    "auc_S": 0.6897895599961609,
    "auc_V": 0.9846722837501843,
    "auc_F": 0.8153034293890904,
    "train_time_sec": 0.0
  },
  "resnet1d": {
    "accuracy": 0.8690303616010309,
    "precision_macro": 0.4980004763683639,
    "recall_macro": 0.484791308222179,
    "f1_macro": 0.43705190348464634,
    "f1_weighted": 0.8836519171944371,
    "f1_N": 0.9385565364387678,
    "f1_S": 0.1585984324573536,
    "f1_V": 0.6495689655172414,
    "f1_F": 0.001483679525222552,
    "rec_N": 0.9040640477644345,
    "rec_S": 0.09363091997822537,
    "rec_V": 0.9363156259707984,
    "rec_F": 0.005154639175257732,
    "auc_ovr": 0.8310118524713819,
    "auc_N": 0.9390601711015859,
    "auc_S": 0.9485271867834026,
    "auc_V": 0.9885997090051386,
    "auc_F": 0.44786034299540056,
    "train_time_sec": 0.0
  },
  "hmr_bilstm": {
    "accuracy": 0.8784126600628172,
    "precision_macro": 0.553660781658645,
    "recall_macro": 0.7052288939690723,
    "f1_macro": 0.5644122997987724,
    "f1_weighted": 0.8992987082116204,
    "f1_N": 0.932301107459859,
    "f1_S": 0.28977616454930427,
    "f1_V": 0.8839259476932119,
    "f1_F": 0.15164597949271452,
    "rec_N": 0.9014858538571138,
    "rec_S": 0.2607512248230811,
    "rec_V": 0.9344516930723827,
    "rec_F": 0.7242268041237113,
    "auc_ovr": 0.9373523200678133,
    "auc_N": 0.9211004538817036,
    "auc_S": 0.8990918638710294,
    "auc_V": 0.9952797316769286,
    "auc_F": 0.9339372308415914
  }
}