{
    "logistic_regression": {
        "accuracy": 0.6740818563858944,
        "precision_macro": 0.4432996427748746,
        "recall_macro": 0.7650233529182733,
        "f1_macro": 0.47855103393016496,
        "f1_weighted": 0.7374719010206497,
        "auc_ovr": 0.9145577163232504,
        "train_time_sec": 33.05656838417053
    },
    "decision_tree": {
        "accuracy": 0.8911017723369268,
        "precision_macro": 0.6161965081653772,
        "recall_macro": 0.8476938325229411,
        "f1_macro": 0.6845863025421496,
        "f1_weighted": 0.9058239083891175,
        "auc_ovr": 0.9197138052175788,
        "train_time_sec": 10.895115375518799
    },
    "lstm": {
        "accuracy": 0.9638680796638042,
        "precision_macro": 0.829991774886488,
        "recall_macro": 0.9026788867703178,
        "f1_macro": 0.8582833681083997,
        "f1_weighted": 0.9669038476878067,
        "auc_ovr": 0.9878484507133043,
        "train_time_sec": 52.00148868560791
    },
    "bilstm": {
        "accuracy": 0.9654211584140325,
        "precision_macro": 0.832197139602332,
        "recall_macro": 0.873252202146725,
        "f1_macro": 0.8505340959350874,
        "f1_weighted": 0.9656973631873084,
        "auc_ovr": 0.9828011653525962,
        "train_time_sec": 69.65525984764099
    },
    "resnet1d": {
        "accuracy": 0.9736433400328888,
        "precision_macro": 0.8496135050428,
        "recall_macro": 0.9056118929502063,
        "f1_macro": 0.874746292424104,
        "f1_weighted": 0.9743923806200511,
        "auc_ovr": 0.9913743918389933,
        "train_time_sec": 59.24046301841736
    },
    "hmr_bilstm": {
        "accuracy": 0.9748766672757172,
        "precision_macro": 0.8561573426332261,
        "recall_macro": 0.9146363517213706,
        "f1_macro": 0.8824864632167984,
        "f1_weighted": 0.9758418063397718,
        "auc_ovr": 0.9916104459746009
    }
}