{
  "HMR-BiLSTM": [
    {
      "epsilon": 0.0,
      "label_accuracy": 0.8784126600628172,
      "accuracy": 0.8784126600628172,
      "macro_f1": 0.5644122997987724,
      "macro_recall": 0.7052288939690723,
      "attack_success_rate": 0.0,
      "avg_confidence": 0.8414544463157654,
      "orig_avg_confidence": 0.8414544463157654,
      "confidence_drop": 0.0,
      "recall_clean_S": 0.2607512248230811,
      "f1_clean_S": 0.28977616454930427,
      "recall_clean_V": 0.9344516930723827,
      "f1_clean_V": 0.8839259476932119,
      "recall_clean_F": 0.7242268041237113,
      "f1_clean_F": 0.15164597949271452,
      "recall_adv_S": 0.2607512248230811,
      "f1_adv_S": 0.28977616454930427,
      "recall_adv_V": 0.9344516930723827,
      "f1_adv_V": 0.8839259476932119,
      "recall_adv_F": 0.7242268041237113,
      "f1_adv_F": 0.15164597949271452
    },
    {
      "epsilon": 0.01,
      "label_accuracy": 0.8617419666586132,
      "accuracy": 0.8617419666586132,
      "macro_f1": 0.5376340874776242,
      "macro_recall": 0.6767574502817515,
      "attack_success_rate": 0.01897820257168397,
      "avg_confidence": 0.8349201083183289,
      "orig_avg_confidence": 0.8414544463157654,
      "confidence_drop": 0.006534404121339321,
      "recall_clean_S": 0.2607512248230811,
      "f1_clean_S": 0.28977616454930427,
      "recall_clean_V": 0.9344516930723827,
      "f1_clean_V": 0.8839259476932119,
      "recall_clean_F": 0.7242268041237113,
      "f1_clean_F": 0.15164597949271452,
      "recall_adv_S": 0.2231899836690256,
      "f1_adv_S": 0.2417452830188679,
      "recall_adv_V": 0.925753339546443,
      "f1_adv_V": 0.8596567142651089,
      "recall_adv_F": 0.6726804123711341,
      "f1_adv_F": 0.12669902912621359
    },
    {
      "epsilon": 0.02,
      "label_accuracy": 0.8460578239510349,
      "accuracy": 0.8460578239510349,
      "macro_f1": 0.5158878675851014,
      "macro_recall": 0.6533529422832285,
      "attack_success_rate": 0.036833298952531575,
      "avg_confidence": 0.8290461301803589,
      "orig_avg_confidence": 0.8414544463157654,
      "confidence_drop": 0.012408392503857613,
      "recall_clean_S": 0.2607512248230811,
      "f1_clean_S": 0.28977616454930427,
      "recall_clean_V": 0.9344516930723827,
      "f1_clean_V": 0.8839259476932119,
      "recall_clean_F": 0.7242268041237113,
      "f1_clean_F": 0.15164597949271452,
      "recall_adv_S": 0.19379422972237342,
      "f1_adv_S": 0.20418698021221682,
      "recall_adv_V": 0.9155017086051569,
      "f1_adv_V": 0.8376918703808982,
      "recall_adv_F": 0.634020618556701,
      "f1_adv_F": 0.10868124585818423
    },
    {
      "epsilon": 0.05,
      "label_accuracy": 0.8013409035999034,
      "accuracy": 0.8013409035999034,
      "macro_f1": 0.46024230405735767,
      "macro_recall": 0.5710076072626483,
      "attack_success_rate": 0.08773980609227808,
      "avg_confidence": 0.8150517344474792,
      "orig_avg_confidence": 0.8414544463157654,
      "confidence_drop": 0.02640276588499546,
      "recall_clean_S": 0.2607512248230811,
      "f1_clean_S": 0.28977616454930427,
      "recall_clean_V": 0.9344516930723827,
      "f1_clean_V": 0.8839259476932119,
      "recall_clean_F": 0.7242268041237113,
      "f1_clean_F": 0.15164597949271452,
      "recall_adv_S": 0.13228089275993468,
      "f1_adv_S": 0.1271918345982727,
      "recall_adv_V": 0.8791550170860516,
      "f1_adv_V": 0.766003518744079,
      "recall_adv_F": 0.44587628865979384,
      "f1_adv_F": 0.06210734159037875
    }
  ]
}