{
  "LSTM": [
    {
      "epsilon": 0.0,
      "label_accuracy": 0.8320682920936601,
      "accuracy": 0.8320682920936601,
      "macro_f1": 0.4337743409076991,
      "macro_recall": 0.4891318605901066,
      "attack_success_rate": 0.0,
      "avg_confidence": 0.9094688296318054,
      "orig_avg_confidence": 0.9094688296318054,
      "confidence_drop": 0.0,
      "recall_clean_S": 0.130647795318454,
      "f1_clean_S": 0.1691928093056045,
      "recall_clean_V": 0.840323081702392,
      "f1_clean_V": 0.6313455479052398,
      "recall_clean_F": 0.11855670103092783,
      "f1_clean_F": 0.026099290780141844,
      "recall_adv_S": 0.130647795318454,
      "f1_adv_S": 0.1691928093056045,
      "recall_adv_V": 0.840323081702392,
      "f1_adv_V": 0.6313455479052398,
      "recall_adv_F": 0.11855670103092783,
      "f1_adv_F": 0.026099290780141844
    },
    {
      "epsilon": 0.01,
      "label_accuracy": 0.8558859650888885,
      "accuracy": 0.8458595904890375,
      "macro_f1": 0.4282223230786917,
      "macro_recall": 0.46912380712561,
      "attack_success_rate": 0.015572440074333702,
      "avg_confidence": 0.9112672209739685,
      "orig_avg_confidence": 0.9148280620574951,
      "confidence_drop": 0.003560782177373767,
      "recall_clean_S": 0.1175830157866086,
      "f1_clean_S": 0.12845673505798394,
      "recall_clean_V": 0.842497670083877,
      "f1_clean_V": 0.6943164362519201,
      "recall_clean_F": 0.09020618556701031,
      "f1_clean_F": 0.028259991925716592,
      "recall_adv_S": 0.09635274904735983,
      "f1_adv_S": 0.09997175939000283,
      "recall_adv_V": 0.8251009630319975,
      "f1_adv_V": 0.6741116751269035,
      "recall_adv_F": 0.06958762886597938,
      "f1_adv_F": 0.02040045334340763
    },
    {
      "epsilon": 0.02,
      "label_accuracy": 0.854235035937909,
      "accuracy": 0.8311622943888543,
      "macro_f1": 0.40741909450004565,
      "macro_recall": 0.4536091541642014,
      "attack_success_rate": 0.030639421150628107,
      "avg_confidence": 0.9080100655555725,
      "orig_avg_confidence": 0.9140332341194153,
      "confidence_drop": 0.006023162975907326,
      "recall_clean_S": 0.11268372346216658,
      "f1_clean_S": 0.12365591397849462,
      "recall_clean_V": 0.842497670083877,
      "f1_clean_V": 0.6873653529337219,
      "recall_clean_F": 0.09020618556701031,
      "f1_clean_F": 0.02827140549273021,
      "recall_adv_S": 0.07403375068045727,
      "f1_adv_S": 0.07278565694407278,
      "recall_adv_V": 0.8018018018018018,
      "f1_adv_V": 0.6270651117589893,
      "recall_adv_F": 0.06701030927835051,
      "f1_adv_F": 0.0190267105744603
    },
    {
      "epsilon": 0.05,
      "label_accuracy": 0.854235035937909,
      "accuracy": 0.8040628963739959,
      "macro_f1": 0.3724124937477423,
      "macro_recall": 0.41907978784024025,
      "attack_success_rate": 0.0625515567182823,
      "avg_confidence": 0.9028770327568054,
      "orig_avg_confidence": 0.9140332341194153,
      "confidence_drop": 0.01115614827722311,
      "recall_clean_S": 0.11268372346216658,
      "f1_clean_S": 0.12365591397849462,
      "recall_clean_V": 0.842497670083877,
      "f1_clean_V": 0.6873653529337219,
      "recall_clean_F": 0.09020618556701031,
      "f1_clean_F": 0.02827140549273021,
      "recall_adv_S": 0.048448557430593356,
      "f1_adv_S": 0.04313060334383329,
      "recall_adv_V": 0.7396707051879465,
      "f1_adv_V": 0.5382615575901436,
      "recall_adv_F": 0.041237113402061855,
      "f1_adv_F": 0.01118490038448095
    }
  ],
  "BiLSTM": [
    {
      "epsilon": 0.0,
      "label_accuracy": 0.8507117115303308,
      "accuracy": 0.8507117115303308,
      "macro_f1": 0.433411862993729,
      "macro_recall": 0.49997129554389697,
      "attack_success_rate": 0.0,
      "avg_confidence": 0.9583641886711121,
      "orig_avg_confidence": 0.9583641886711121,
      "confidence_drop": 0.0,
      "recall_clean_S": 0.16820903647250954,
      "f1_clean_S": 0.22653958944281524,
      "recall_clean_V": 0.9276172724448587,
      "f1_clean_V": 0.57594753592439,
      "recall_clean_F": 0.023195876288659795,
      "f1_clean_F": 0.012658227848101266,
      "recall_adv_S": 0.16820903647250954,
      "f1_adv_S": 0.22653958944281524,
      "recall_adv_V": 0.9276172724448587,
      "f1_adv_V": 0.57594753592439,
      "recall_adv_F": 0.023195876288659795,
      "f1_adv_F": 0.012658227848101266
    },
    {
      "epsilon": 0.01,
      "label_accuracy": 0.8237935130564336,
      "accuracy": 0.800801304636695,
      "macro_f1": 0.40315048754817717,
      "macro_recall": 0.5064989264031297,
      "attack_success_rate": 0.032504826844587824,
      "avg_confidence": 0.9458691477775574,
      "orig_avg_confidence": 0.9473972916603088,
      "confidence_drop": 0.0015281739179044962,
      "recall_clean_S": 0.20195971692977682,
      "f1_clean_S": 0.22043969102792632,
      "recall_clean_V": 0.949363156259708,
      "f1_clean_V": 0.5596557091841406,
      "recall_clean_F": 0.13917525773195877,
      "f1_clean_F": 0.05187319884726225,
      "recall_adv_S": 0.15568862275449102,
      "f1_adv_S": 0.16474654377880185,
      "recall_adv_V": 0.9437713575644611,
      "f1_adv_V": 0.5250604908399585,
      "recall_adv_F": 0.10309278350515463,
      "f1_adv_F": 0.034028073160357296
    },
    {
      "epsilon": 0.02,
      "label_accuracy": 0.8235317803861564,
      "accuracy": 0.7802854899434255,
      "macro_f1": 0.3811307589069911,
      "macro_recall": 0.4877737165704367,
      "attack_success_rate": 0.05767162135732447,
      "avg_confidence": 0.9449057579040527,
      "orig_avg_confidence": 0.9471778273582458,
      "confidence_drop": 0.0022721472196280956,
      "recall_clean_S": 0.2014153511159499,
      "f1_clean_S": 0.21984551396316102,
      "recall_clean_V": 0.949363156259708,
      "f1_clean_V": 0.5590414341900668,
      "recall_clean_F": 0.13917525773195877,
      "f1_clean_F": 0.05187319884726225,
      "recall_adv_S": 0.12629286880783885,
      "f1_adv_S": 0.13077790304396844,
      "recall_adv_V": 0.934762348555452,
      "f1_adv_V": 0.4906644924582144,
      "recall_adv_F": 0.08762886597938144,
      "f1_adv_F": 0.026920031670625493
    },
    {
      "epsilon": 0.05,
      "label_accuracy": 0.8235317803861564,
      "accuracy": 0.7466226418893072,
      "macro_f1": 0.3471591976021758,
      "macro_recall": 0.45809978665195145,
      "attack_success_rate": 0.10079698806962645,
      "avg_confidence": 0.9449794888496399,
      "orig_avg_confidence": 0.9471778273582458,
      "confidence_drop": 0.0021983552724123,
      "recall_clean_S": 0.2014153511159499,
      "f1_clean_S": 0.21984551396316102,
      "recall_clean_V": 0.949363156259708,
      "f1_clean_V": 0.5590414341900668,
      "recall_clean_F": 0.13917525773195877,
      "f1_clean_F": 0.05187319884726225,
      "recall_adv_S": 0.07566684812193794,
      "f1_adv_S": 0.07800224466891134,
      "recall_adv_V": 0.9136377757067412,
      "f1_adv_V": 0.4344486298840387,
      "recall_adv_F": 0.07474226804123711,
      "f1_adv_F": 0.020758768790264854
    }
  ],
  "HMR-BiLSTM": [
    {
      "epsilon": 0.0,
      "label_accuracy": 0.9313455072580483,
      "accuracy": 0.9313455072580483,
      "macro_f1": 0.6279353424063626,
      "macro_recall": 0.6508777782116726,
      "attack_success_rate": 0.0,
      "avg_confidence": 0.8935034275054932,
      "orig_avg_confidence": 0.8935034275054932,
      "confidence_drop": 0.0,
      "recall_clean_S": 0.44202504082743604,
      "f1_clean_S": 0.4335290977042178,
      "recall_clean_V": 0.9251320285803044,
      "f1_clean_V": 0.8728018757327081,
      "recall_clean_F": 0.27835051546391754,
      "f1_clean_F": 0.24107142857142858,
      "recall_adv_S": 0.44202504082743604,
      "f1_adv_S": 0.4335290977042178,
      "recall_adv_V": 0.9251320285803044,
      "f1_adv_V": 0.8728018757327081,
      "recall_adv_F": 0.27835051546391754,
      "f1_adv_F": 0.24107142857142858
    },
    {
      "epsilon": 0.01,
      "label_accuracy": 0.9237753931023375,