{
  "LSTM": [
    {
      "epsilon": 0.02,
      "alpha": 0.005,
      "steps": 20,
      "macro_f1": 0.370183276976262,
      "macro_recall": 0.41868466189201964,
      "attack_success_rate": 0.07406617368221463,
      "avg_confidence": 0.9106031656265259,
      "orig_avg_confidence": 0.8985061645507812,
      "confidence_drop": -0.012097005732357502,
      "recall_clean_S": 0.11486118671747414,
      "f1_clean_S": 0.11530054644808743,
      "recall_clean_V": 0.8350419384902144,
      "f1_clean_V": 0.6484921592279855,
      "recall_clean_F": 0.07731958762886598,
      "f1_clean_F": 0.023762376237623763,
      "recall_adv_S": 0.05443658138268917,
      "f1_adv_S": 0.044296788482835,
      "recall_adv_V": 0.736874805840323,
      "f1_adv_V": 0.5278148642634624,
      "recall_adv_F": 0.04381443298969072,
      "f1_adv_F": 0.010914927768860353
    }
  ],
  "BiLSTM": [
    {
      "epsilon": 0.02,
      "alpha": 0.005,
      "steps": 20,
      "macro_f1": 0.3481399693516148,
      "macro_recall": 0.4683856151978004,
      "attack_success_rate": 0.1056100703736743,
      "avg_confidence": 0.9629156589508057,
      "orig_avg_confidence": 0.9388359785079956,
      "confidence_drop": -0.02407975308597088,
      "recall_clean_S": 0.12629286880783885,
      "f1_clean_S": 0.14163614163614163,
      "recall_clean_V": 0.940354147250699,
      "f1_clean_V": 0.5301225919439579,
      "recall_clean_F": 0.16237113402061856,
      "f1_clean_F": 0.056807935076645624,
      "recall_adv_S": 0.0587915078933043,
      "f1_adv_S": 0.05290227773695812,
      "recall_adv_V": 0.9108418763591177,
      "f1_adv_V": 0.4499693063228975,
      "recall_adv_F": 0.13917525773195877,
      "f1_adv_F": 0.03537504094333443
    }
  ],
  "HMR-BiLSTM": [
    {
      "epsilon": 0.02,
      "alpha": 0.005,
      "steps": 20,
      "macro_f1": 0.500311427171622,
      "macro_recall": 0.5579867109244774,
      "attack_success_rate": 0.03171690694626474,
      "avg_confidence": 0.9250601530075073,
      "orig_avg_confidence": 0.9222555160522461,
      "confidence_drop": -0.002804599702358246,
      "recall_clean_S": 0.1567773543821448,
      "f1_clean_S": 0.21129860601614087,
      "recall_clean_V": 0.916744330537434,
      "f1_clean_V": 0.8430224253678046,
      "recall_clean_F": 0.27319587628865977,
      "f1_clean_F": 0.16109422492401215,
      "recall_adv_S": 0.09580838323353294,
      "f1_adv_S": 0.11737245748582861,
      "recall_adv_V": 0.8878533706119913,
      "f1_adv_V": 0.791032383061168,
      "recall_adv_F": 0.30927835051546393,
      "f1_adv_F": 0.14184397163120568
    }
  ]
}