{
  "LSTM": [
    {
      "epsilon": 0.0,
      "alpha": 0.005,
      "steps": 20,
      "macro_f1": 0.8582833681083997,
      "macro_recall": 0.9026788867703178,
      "attack_success_rate": 0.0,
      "avg_confidence": 0.9480491280555725,
      "orig_avg_confidence": 0.9480491280555725,
      "confidence_drop": 0.0,
      "recall_clean_S": 0.8129496402877698,
      "recall_clean_V": 0.9371546961325967,
      "recall_clean_F": 0.808641975308642,
      "recall_adv_S": 0.8129496402877698,
      "recall_adv_V": 0.9371546961325967,
      "recall_adv_F": 0.808641975308642
    },
    {
      "epsilon": 0.01,
      "alpha": 0.005,
      "steps": 20,
      "macro_f1": 0.8021513858683866,
      "macro_recall": 0.8692432082461444,
      "attack_success_rate": 0.025449030851618405,
      "avg_confidence": 0.9305541515350342,
      "orig_avg_confidence": 0.9480491280555725,
      "confidence_drop": 0.017495084553956985,
      "recall_clean_S": 0.8129496402877698,
      "recall_clean_V": 0.9371546961325967,
      "recall_clean_F": 0.808641975308642,
      "recall_adv_S": 0.7697841726618705,
      "recall_adv_V": 0.9136740331491713,
      "recall_adv_F": 0.7407407407407407
    },
    {
      "epsilon": 0.02,
      "alpha": 0.005,
      "steps": 20,
      "macro_f1": 0.7364884036451549,
      "macro_recall": 0.8242478213063983,
      "attack_success_rate": 0.0699966826216767,
      "avg_confidence": 0.910224437713623,
      "orig_avg_confidence": 0.9480491280555725,
      "confidence_drop": 0.0378248505294323,
      "recall_clean_S": 0.8129496402877698,
      "recall_clean_V": 0.9371546961325967,
      "recall_clean_F": 0.808641975308642,
      "recall_adv_S": 0.7086330935251799,
      "recall_adv_V": 0.8777624309392266,
      "recall_adv_F": 0.6666666666666666
    },
    {
      "epsilon": 0.05,
      "alpha": 0.005,
      "steps": 20,
      "macro_f1": 0.533751161552378,
      "macro_recall": 0.5980822938186693,
      "attack_success_rate": 0.2641107056537605,
      "avg_confidence": 0.863590657711029,
      "orig_avg_confidence": 0.9480491280555725,
      "confidence_drop": 0.08445858210325241,
      "recall_clean_S": 0.8129496402877698,
      "recall_clean_V": 0.9371546961325967,
      "recall_clean_F": 0.808641975308642,
      "recall_adv_S": 0.5035971223021583,
      "recall_adv_V": 0.7430939226519337,
      "recall_adv_F": 0.12962962962962962
    }
  ],
  "BiLSTM": [
    {
      "epsilon": 0.0,
      "alpha": 0.005,
      "steps": 20,
      "macro_f1": 0.8505340959350874,
      "macro_recall": 0.873252202146725,
      "attack_success_rate": 0.0,
      "avg_confidence": 0.9520724415779114,
      "orig_avg_confidence": 0.9520724415779114,
      "confidence_drop": 0.0,
      "recall_clean_S": 0.6780575539568345,
      "recall_clean_V": 0.9585635359116023,
      "recall_clean_F": 0.7777777777777778,
      "recall_adv_S": 0.6780575539568345,
      "recall_adv_V": 0.9585635359116023,
      "recall_adv_F": 0.7777777777777778
    },
    {
      "epsilon": 0.01,
      "alpha": 0.005,
      "steps": 20,
      "macro_f1": 0.8136686417508088,
      "macro_recall": 0.855393988212821,
      "attack_success_rate": 0.010361958836053939,
      "avg_confidence": 0.9419004917144775,
      "orig_avg_confidence": 0.9520724415779114,
      "confidence_drop": 0.010171904228627682,
      "recall_clean_S": 0.6780575539568345,
      "recall_clean_V": 0.9585635359116023,
      "recall_clean_F": 0.7777777777777778,
      "recall_adv_S": 0.6564748201438849,
      "recall_adv_V": 0.944060773480663,
      "recall_adv_F": 0.7407407407407407
    },
    {
      "epsilon": 0.02,
      "alpha": 0.005,
      "steps": 20,
      "macro_f1": 0.77275599363546,
      "macro_recall": 0.8281234333968165,
      "attack_success_rate": 0.02209604920747575,
      "avg_confidence": 0.929491400718689,
      "orig_avg_confidence": 0.9520724415779114,
      "confidence_drop": 0.022581005468964577,
      "recall_clean_S": 0.6780575539568345,
      "recall_clean_V": 0.9585635359116023,
      "recall_clean_F": 0.7777777777777778,
      "recall_adv_S": 0.6258992805755396,
      "recall_adv_V": 0.9337016574585635,
      "recall_adv_F": 0.6604938271604939
    },
    {
      "epsilon": 0.05,
      "alpha": 0.005,
      "steps": 20,
      "macro_f1": 0.6079981238522947,
      "macro_recall": 0.7134892100602337,
      "attack_success_rate": 0.09713744972793943,
      "avg_confidence": 0.884379506111145,
      "orig_avg_confidence": 0.9520724415779114,
      "confidence_drop": 0.06769290566444397,
      "recall_clean_S": 0.6780575539568345,
      "recall_clean_V": 0.9585635359116023,
      "recall_clean_F": 0.7777777777777778,
      "recall_adv_S": 0.44064748201438847,
      "recall_adv_V": 0.8570441988950276,
      "recall_adv_F": 0.4382716049382716
    }
  ],
  "HMR-BiLSTM": [
    {
      "epsilon": 0.0,
      "alpha": 0.005,
      "steps": 20,
      "macro_f1": 0.8824864632167984,
      "macro_recall": 0.9146363517213706,
      "attack_success_rate": 0.0,
      "avg_confidence": 0.935391902923584,
      "orig_avg_confidence": 0.935391902923584,
      "confidence_drop": 0.0,
      "recall_clean_S": 0.8111510791366906,
      "recall_clean_V": 0.9447513812154696,
      "recall_clean_F": 0.845679012345679,
      "recall_adv_S": 0.8111510791366906,
      "recall_adv_V": 0.9447513812154696,
      "recall_adv_F": 0.845679012345679
    },
    {
      "epsilon": 0.01,
      "alpha": 0.005,
      "steps": 20,
      "macro_f1": 0.8631196166036841,
      "macro_recall": 0.9018864648652782,
      "attack_success_rate": 0.005435291912660482,
      "avg_confidence": 0.9262134432792664,
      "orig_avg_confidence": 0.935391902923584,
      "confidence_drop": 0.0091785229742527,
      "recall_clean_S": 0.8111510791366906,
      "recall_clean_V": 0.9447513812154696,
      "recall_clean_F": 0.845679012345679,
      "recall_adv_S": 0.7931654676258992,
      "recall_adv_V": 0.93646408839779,
      "recall_adv_F": 0.8148148148148148
    },
    {
      "epsilon": 0.02,
      "alpha": 0.005,
      "steps": 20,
      "macro_f1": 0.8391127811932831,
      "macro_recall": 0.8919511779907487,
      "attack_success_rate": 0.013072814169243744,
      "avg_confidence": 0.915486216545105,
      "orig_avg_confidence": 0.935391902923584,
      "confidence_drop": 0.01990562491118908,
      "recall_clean_S": 0.8111510791366906,
      "recall_clean_V": 0.9447513812154696,
      "recall_clean_F": 0.845679012345679,
      "recall_adv_S": 0.7823741007194245,
      "recall_adv_V": 0.925414364640884,
      "recall_adv_F": 0.7962962962962963
    },
    {
      "epsilon": 0.05,
      "alpha": 0.005,
      "steps": 20,
      "macro_f1": 0.7470199643468376,
      "macro_recall": 0.850043806802048,
      "attack_success_rate": 0.05088557773404554,
      "avg_confidence": 0.8735613226890564,
      "orig_avg_confidence": 0.935391902923584,
      "confidence_drop": 0.06183067709207535,
      "recall_clean_S": 0.8111510791366906,
      "recall_clean_V": 0.9447513812154696,
      "recall_clean_F": 0.845679012345679,
      "recall_adv_S": 0.7158273381294964,
      "recall_adv_V": 0.8812154696132597,
      "recall_adv_F": 0.7530864197530864
    }
  ]
}