{
  "HMR-BiLSTM": [
    {
      "epsilon": 0.0,
      "alpha": 0.005,
      "steps": 20,
      "macro_f1": 0.4515298398390179,
      "macro_recall": 0.5641831151752579,
      "attack_success_rate": 0.0,
      "avg_confidence": 0.8414544463157654,
      "orig_avg_confidence": 0.8414544463157654,
      "confidence_drop": 0.0,
      "recall_clean_S": 0.2607512248230811,
      "f1_clean_S": 0.28977616454930427,
      "recall_clean_V": 0.9344516930723827,
      "f1_clean_V": 0.8839259476932119,
      "recall_clean_F": 0.7242268041237113,
      "f1_clean_F": 0.15164597949271452,
      "recall_adv_S": 0.2607512248230811,
      "f1_adv_S": 0.28977616454930427,
      "recall_adv_V": 0.9344516930723827,
      "f1_adv_V": 0.8839259476932119,
      "recall_adv_F": 0.7242268041237113,
      "f1_adv_F": 0.15164597949271452
    },
    {
      "epsilon": 0.01,
      "alpha": 0.005,
      "steps": 20,
      "macro_f1": 0.429575689613661,
      "macro_recall": 0.5410401430063458,
      "attack_success_rate": 0.019482454330834995,
      "avg_confidence": 0.834712564945221,
      "orig_avg_confidence": 0.8414544463157654,
      "confidence_drop": 0.006741959601640701,
      "recall_clean_S": 0.2607512248230811,
      "f1_clean_S": 0.28977616454930427,
      "recall_clean_V": 0.9344516930723827,
      "f1_clean_V": 0.8839259476932119,
      "recall_clean_F": 0.7242268041237113,
      "f1_clean_F": 0.15164597949271452,
      "recall_adv_S": 0.2221012520413718,
      "f1_adv_S": 0.24063698024181657,
      "recall_adv_V": 0.9254426840633737,
      "f1_adv_V": 0.858748918996829,
      "recall_adv_F": 0.6726804123711341,
      "f1_adv_F": 0.12633107454017425
    },
    {
      "epsilon": 0.02,
      "alpha": 0.005,
      "steps": 20,
      "macro_f1": 0.4102624524159749,
      "macro_recall": 0.5214416720529237,
      "attack_success_rate": 0.03933163721377982,
      "avg_confidence": 0.8279752731323242,
      "orig_avg_confidence": 0.8414544463157654,
      "confidence_drop": 0.013479207642376423,
      "recall_clean_S": 0.2607512248230811,
      "f1_clean_S": 0.28977616454930427,
      "recall_clean_V": 0.9344516930723827,
      "f1_clean_V": 0.8839259476932119,
      "recall_clean_F": 0.7242268041237113,
      "f1_clean_F": 0.15164597949271452,
      "recall_adv_S": 0.19107240065323897,
      "f1_adv_S": 0.20028530670470757,
      "recall_adv_V": 0.9142590866728798,
      "f1_adv_V": 0.83147337194519,
      "recall_adv_F": 0.634020618556701,
      "f1_adv_F": 0.10789473684210527
    },
    {
      "epsilon": 0.05,
      "alpha": 0.005,
      "steps": 20,
      "macro_f1": 0.35536369525209344,
      "macro_recall": 0.4444438474370596,
      "attack_success_rate": 0.10518233285200211,
      "avg_confidence": 0.8093605637550354,
      "orig_avg_confidence": 0.8414544463157654,
      "confidence_drop": 0.03209401294589043,
      "recall_clean_S": 0.2607512248230811,
      "f1_clean_S": 0.28977616454930427,
      "recall_clean_V": 0.9344516930723827,
      "f1_clean_V": 0.8839259476932119,
      "recall_clean_F": 0.7242268041237113,
      "f1_clean_F": 0.15164597949271452,
      "recall_adv_S": 0.12139357648339684,
      "f1_adv_S": 0.11161161161161161,
      "recall_adv_V": 0.8698353525939733,
      "f1_adv_V": 0.7333682556312205,
      "recall_adv_F": 0.42010309278350516,
      "f1_adv_F": 0.05602337171335281
    }
  ]
}