{
  "epsilon": 0.02,
  "alpha": 0.005,
  "clean": {
    "accuracy": 0.8941058941058941,
    "f1_macro": 0.4074164139486721,
    "f1_per_class": {
      "0": 0.946261017912994,
      "1": 0.2014388489208633,
      "2": 0.8134328358208955,
      "3": 0.0759493670886076,
      "4": 0.0
    }
  },
  "convergence": [
    {
      "steps": 10,
      "accuracy": 0.8631368631368631,
      "f1_macro": 0.3775744380845688,
      "f1_per_class": {
        "0": 0.9292520935604967,
        "1": 0.19047619047619047,
        "2": 0.7509025270758123,
        "3": 0.017241379310344827,
        "4": 0.0
      },
      "attack_success_rate": 0.034636871508379886,
      "time_sec": 213.94920253753662
    },
    {
      "steps": 20,
      "accuracy": 0.8626373626373627,
      "f1_macro": 0.3774831084543339,
      "f1_per_class": {
        "0": 0.92894280762565,
        "1": 0.19047619047619047,
        "2": 0.7509025270758123,
        "3": 0.017094017094017096,
        "4": 0.0
      },
      "attack_success_rate": 0.03519553072625698,
      "time_sec": 462.7723126411438
    },
    {
      "steps": 50,
      "accuracy": 0.8631368631368631,
      "f1_macro": 0.3775744380845688,
      "f1_per_class": {
        "0": 0.9292520935604967,
        "1": 0.19047619047619047,
        "2": 0.7509025270758123,
        "3": 0.017241379310344827,
        "4": 0.0
      },
      "attack_success_rate": 0.034636871508379886,
      "time_sec": 1050.169683456421
    },
    {
      "steps": 100,
      "accuracy": 0.8631368631368631,
      "f1_macro": 0.3775744380845688,
      "f1_per_class": {
        "0": 0.9292520935604967,
        "1": 0.19047619047619047,
        "2": 0.7509025270758123,
        "3": 0.017241379310344827,
        "4": 0.0
      },
      "attack_success_rate": 0.034636871508379886,
      "time_sec": 2009.168601989746
    }
  ]
}