{
  "checkpoint_hash": "sha1_dbab046b958c40af1d6504b95468e8d7070237c5",
  "run_id": "v1.0_20260610_200745",
  "timestamp": "2026-06-10T20:09:21.039947",
  "temperature": 0.8468639850616455,
  "metrics_summary": {
    "ece": {
      "before": 0.03002320444338118,
      "after": 0.01602906736151416,
      "improvement_pct": 46.611070807773565
    },
    "mce": {
      "before": 0.06538935818353808,
      "after": 0.09148725054480814,
      "change_pct": 39.91152855181297
    },
    "nll": {
      "before": 0.3111342787742615,
      "after": 0.3017113208770752,
      "improvement_pct": 3.0285823646011556
    },
    "brier": {
      "before": 0.15813039627813827,
      "after": 0.15764319109555372,
      "improvement_pct": 0.3081034349193659
    }
  },
  "conditional_ece": {
    "0": {
      "ece": 0.040987173771180094,
      "n": 43386
    },
    "1": {
      "ece": 0.5407937382104013,
      "n": 1371
    },
    "2": {
      "ece": 0.06582245704544759,
      "n": 3415
    },
    "3": {
      "ece": 0.6667325283515263,
      "n": 1496
    },
    "4": {
      "ece": null,
      "n": 0
    }
  },
  "checkpoint_verification": {
    "test_accuracy": 0.8988282084465027,
    "test_f1_macro": 0.3992987567333674
  }
}