{
  "experiment_version": "v1.0",
  "run_id": "v1.0_20260610_200745",
  "checkpoint_hash": "sha1_dbab046b958c40af1d6504b95468e8d7070237c5",
  "module": "calibration",
  "timestamp": "2026-06-10T20:09:21.039947",
  "checkpoint_verification": {
    "test_accuracy": 0.8988282084465027,
    "test_f1_macro": 0.3992987567333674
  },
  "metrics": {
    "ece_before": 0.03002320444338118,
    "ece_after": 0.01602906736151416,
    "mce_before": 0.06538935818353808,
    "mce_after": 0.09148725054480814,
    "nll_before": 0.3111342787742615,
    "nll_after": 0.3017113208770752,
    "brier_before": 0.15813039627813827,
    "brier_after": 0.15764319109555372,
    "classwise_ece_after": {
      "0": 0.09249600110965728,
      "1": 0.9248441964350542,
      "2": 0.907079701376296,
      "3": 0.9528695246277825,
      "4": 0.9996053035519733
    },
    "conditional_ece_after": {
      "0": {
        "ece": 0.040987173771180094,
        "n": 43386
      },
      "1": {
        "ece": 0.5407937382104013,
        "n": 1371
      },
      "2": {
        "ece": 0.06582245704544759,
        "n": 3415
      },
      "3": {
        "ece": 0.6667325283515263,
        "n": 1496
      },
      "4": {
        "ece": null,
        "n": 0
      }
    },
    "temperature": 0.8468639850616455
  }
}